{
    "0spam General DNSBL Listings (mirror)": "0spam.fusionzero.com",
    "0spam List of IP's of domains found in spam": "dbl.0spam.org",
    "0spam Main DNSBL": "bl.0spam.org",
    "0spam Main RBL Listings": "rbl.0spam.org",
    "0spam Network Block List": "nbl.0spam.org",
    "0spam Network DNSBL Listings (mirror)": "0spam-n.fusionzero.com",
    "0spam URLBL Listings (mirror)": "0spamurl.fusionzero.com",
    "0spam White List": "wl.0spam.org",
    "AbuseIPDB": "www.abuseipdb.com/check/",
    "Abuse.net": "contacts.abuse.net",
    "abuse.ro IP RBL": "rbl.abuse.ro",
    "abuse.ro URI RBL": "uribl.abuse.ro",
    "abusix.org Abuse Contact DB": "abuse-contacts.abusix.org",
    "anonmails.de DNSBL": "spam.dnsbl.anonmails.de",
    "ANTISPAM-UFRJ orvedb": "orvedb.aupads.org",
    "ANTISPAM-UFRJ rsbl": "rsbl.aupads.org",
    "Ascams.com Block": "block.ascams.com",
    "Ascams.com DNSBL": "dnsbl.ascams.com",
    "Ascams.com Superblock": "superblock.ascams.com",
    "ASPEWS Listings": "aspews.ext.sorbs.net",
    "Backscatterer.org": "ips.backscatterer.org",
    "Barracuda Reputation Block List": "b.barracudacentral.org",
    "Barracuda Reputation Block List (for SpamAssassin)": "bb.barracudacentral.org",
    "BBFH Level 1": "list.bbfh.org",
    "BBFH Level 1 (@SORBS)": "l1.bbfh.ext.sorbs.net",
    "BBFH Level 2 (@SORBS)": "l2.bbfh.ext.sorbs.net",
    "BBFH Level 3 (@SORBS)": "l3.bbfh.ext.sorbs.net",
    "BBFH Level 4 (@SORBS)": "l4.bbfh.ext.sorbs.net",
    "BIT.nl all ascc IPv4 address space list": "all.ascc.dnsbl.bit.nl",
    "BIT.nl all ascc IPv6 address space list": "all.v6.ascc.dnsbl.bit.nl",
    "BIT.nl all IPv4 address space list": "all.dnsbl.bit.nl",
    "BIT.nl all IPv6 address space list": "ipv6.all.dnsbl.bit.nl",
    "BIT.nl own IPv4 and IPv6 address space list": "bitonly.dnsbl.bit.nl",
    "blacklist.netcore.co.in": "blacklist.netcore.co.in",
    "BlakJak.net RBL": "rbl.blakjak.net",
    "BlockedServers NetScan RBL": "netscan.rbl.blockedservers.com",
    "BlockedServers RBL": "rbl.blockedservers.com",
    "BlockedServers Spam RBL": "spam.rbl.blockedservers.com",
    "Blog Spam Blocklist (spamlookup.net)": "bsb.spamlookup.net",
    "Bondedsender": "query.bondedsender.org",
    "Bondedsender plus": "plus.bondedsender.org",
    "borderware.com DNSBL1": "dnsbl1.dnsbl.borderware.com",
    "borderware.com DNSBL2": "dnsbl2.dnsbl.borderware.com",
    "borderware.com DNSBL3": "dnsbl3.dnsbl.borderware.com",
    "borderware.com DUL": "dul.dnsbl.borderware.com",
    "Brukalai.lt DNSBL black": "black.dnsbl.brukalai.lt",
    "Brukalai.lt DNSBL light": "light.dnsbl.brukalai.lt",
    "Brukalai.lt DNSBL white": "white.dnsbl.brukalai.lt",
    "C&CZ's own black list": "blacklist.sci.kun.nl",
    "C&CZ's own white list": "whitelist.sci.kun.nl",
    "cantv.net dul": "dul.blackhole.cantv.net",
    "cantv.net hog": "hog.blackhole.cantv.net",
    "cantv.net rhsbl": "rhsbl.blackhole.cantv.net",
    "cantv.net rot": "rot.blackhole.cantv.net",
    "cantv.net spam": "spam.blackhole.cantv.net",
    "CBL": "cbl.abuseat.org",
    "choon.net IPv4 DNSBL": "rbl.choon.net",
    "choon.net IPv4 DNSWL": "rwl.choon.net",
    "choon.net IPv6 DNSBL": "ipv6.rbl.choon.net",
    "choon.net IPv6 DNSWL": "ipv6.rwl.choon.net",
    "Cyberlogic DNSBL": "dnsbl.cyberlogic.net",
    "Cymru Bogon List": "bogons.cymru.com",
    "Cymru Fullbogon IPv4 List": "v4.fullbogons.cymru.com",
    "Cymru Fullbogon IPv6 List": "v6.fullbogons.cymru.com",
    "Cymru origin IPv4 asn list": "origin.asn.cymru.com",
    "Cymru origin IPv6 asn list": "origin6.asn.cymru.com",
    "Cymru peer asn list": "peer.asn.cymru.com",
    "dan.me.uk (all tor nodes)": "tor.dan.me.uk",
    "dan.me.uk (only tor exit nodes)": "torexit.dan.me.uk",
    "darklist.de": "dnsbl.darklist.de",
    "Digibase BLS Open Proxy": "openproxy.bls.digibase.ca",
    "Digibase BLS Proxy Abuse": "proxyabuse.bls.digibase.ca",
    "Digibase BLS Spambot": "spambot.bls.digibase.ca",
    "DNS-SERVICIOS RBL": "rbl.dns-servicios.com",
    "dnsbl.beetjevreemd.nl": "dnsbl.beetjevreemd.nl",
    "dnsbl.calivent.com.pe": "dnsbl.calivent.com.pe",
    "dnsbl.isx.fr": "dnsbl.isx.fr",
    "dnsbl.mcu.edu.tw": "dnsbl.mcu.edu.tw",
    "dnsbl.net.ua": "dnsbl.net.ua",
    "dnsbl.rv-soft.info": "dnsbl.rv-soft.info",
    "dnsblchile.org": "dnsblchile.org",
    "DNSWL.org Domain Whitelist": "dwl.dnswl.org",
    "DNSWL.org IP Whitelist": "list.dnswl.org",
    "DRBL caravan.ru (vote node)": "vote.drbl.caravan.ru",
    "DRBL caravan.ru (work node)": "work.drbl.caravan.ru",
    "DRBL gremlin.ru (vote node)": "vote.drbl.gremlin.ru",
    "DRBL gremlin.ru (work node)": "work.drbl.gremlin.ru",
    "DrMX": "bl.drmx.org",
    "DroneBL": "dnsbl.dronebl.org",
    "EFnet RBL": "rbl.efnet.org",
    "EFnet RBL mirror": "rbl.efnetrbl.org",
    "EFnet TOR": "tor.efnet.org",
    "Fasthosts RBL": "rbl.fasthosts.co.uk",
    "fmb.la bl": "bl.fmb.la",
    "fmb.la communicado": "communicado.fmb.la",
    "fmb.la nsbl": "nsbl.fmb.la",
    "fmb.la sa": "sa.fmb.la",
    "fmb.la short": "short.fmb.la",
    "fnrbl.fast.net": "fnrbl.fast.net",
    "forbidden.icm.edu.pl": "forbidden.icm.edu.pl",
    "Frontbridge\u2019s 88.blocklist.zap": "88.blocklist.zap",
    "Habeas Infringer List": "hil.habeas.com",
    "Habeas SafeList": "accredit.habeas.com",
    "Habeas SafeList (for SpamAssassin)": "sa-accredit.habeas.com",
    "Habeas User List": "hul.habeas.com",
    "Habeas User List (including Non-Verified-Optin)": "sohul.habeas.com",
    "Hostkarma": "hostkarma.junkemailfilter.com",
    "Hostkarma blacklist": "black.junkemailfilter.com",
    "Hostkarma no blacklist": "nobl.junkemailfilter.com",
    "IBM DNS Blacklist": "dnsbl.cobion.com",
    "ImproWare IP based spamlist": "spamrbl.imp.ch",
    "ImproWare IP based wormlist": "wormrbl.imp.ch",
    "InterServer BL": "rbl.interserver.net",
    "IPrange.net RBL": "rbl.iprange.net",
    "ircbl": "rbl.ircbl.org",
    "ISIPP Accreditation Database": "iadb.isipp.com",
    "ISIPP Accreditation Database (IADB2)": "iadb2.isipp.com",
    "ISIPP Accreditation Database (IDDB)": "iddb.isipp.com",
    "ISIPP Accreditation Database (WADB)": "wadb.isipp.com",
    "ISPA (Internet Service Provider Austria) Whitelist": "whitelist.rbl.ispa.at",
    "JIPPG's RBL Project (mail-abuse Listings)": "mail-abuse.blacklist.jippg.org",
    "JustSpam.org": "dnsbl.justspam.org",
    "Kempt.net DNS Black List": "dnsbl.kempt.net",
    "KISA-RBL": "spamlist.or.kr",
    "KONSTANT DNSBL": "bl.konstant.no",
    "KoruMail Reputation Network (KRN)": "krn.korumail.com",
    "kundenserver.de admin.bl": "admin.bl.kundenserver.de",
    "kundenserver.de relays": "relays.bl.kundenserver.de",
    "kundenserver.de schizo-bl": "schizo-bl.kundenserver.de",
    "kundenserver.de spamblock": "spamblock.kundenserver.de",
    "kundenserver.de worms-bl": "worms-bl.kundenserver.de",
    "Leadmon.Net's SpamGuard Listings (LNSG)": "spamguard.leadmon.net",
    "lugh.ch DNSBL": "rbl.lugh.ch",
    "Madavi:BL": "dnsbl.madavi.de",
    "MailCleaner IP Blacklist": "iprbl.mailcleaner.net",
    "MailCleaner Newsletter IP list": "niprbl.mailcleaner.net",
    "MailCleaner Newsletter URI list": "nuribl.mailcleaner.net",
    "MailCleaner SPAM URI Blacklist": "uribl.mailcleaner.net",
    "mailrelay.att.net blacklist": "blacklist.mailrelay.att.net",
    "Mailspike Blacklist": "bl.mailspike.net",
    "Mailspike Reputation": "rep.mailspike.net",
    "Mailspike Whitelist": "wl.mailspike.net",
    "Mailspike Zero-hour Data": "z.mailspike.net",
    "MAV BL": "bl.mav.com.br",
    "McAfee RBL": "cidr.bl.mcafee.com",
    "Metunet RBL": "rbl.metunet.com",
    "Microsoft Forefront DNSBL": "dnsbl.forefront.microsoft.com",
    "MIPSpace": "bl.mipspace.com",
    "MSRBL combined": "combined.rbl.msrbl.net",
    "MSRBL images": "images.rbl.msrbl.net",
    "MSRBL phishing": "phishing.rbl.msrbl.net",
    "MSRBL spam": "spam.rbl.msrbl.net",
    "MSRBL virus": "virus.rbl.msrbl.net",
    "MSRBL web": "web.rbl.msrbl.net",
    "nether.net (relays)": "relays.nether.net",
    "nether.net (trusted)": "trusted.nether.net",
    "nether.net (unsure)": "unsure.nether.net",
    "NiX Spam DNSBL": "ix.dnsbl.manitu.net",
    "NordSpam Domain Blacklist": "dbl.nordspam.com",
    "NordSpam IP Blacklist": "bl.nordspam.com",
    "NoSolicitado.org BL": "bl.nosolicitado.org",
    "NoSolicitado.org Worst BL": "bl.worst.nosolicitado.org",
    "nsZones.com DNSWL": "wl.nszones.com",
    "nsZones.com Dyn": "dyn.nszones.com",
    "nsZones.com SBL": "sbl.nszones.com",
    "nsZones.com SBL+Dyn": "bl.nszones.com",
    "nsZones.com SURBL": "ubl.nszones.com",
    "Octopus RBL Monster": "bl.octopusdns.com",
    "ops.asp.att.net blacklist mail": "blacklist.mail.ops.asp.att.net",
    "ops.asp.att.net blacklist sequoia": "blacklist.sequoia.ops.asp.att.net",
    "Pedantic.org spam": "spam.pedantic.org",
    "pofon.foobar.hu IP Blacklist": "pofon.foobar.hu",
    "pofon.foobar.hu ISP mail relay whitelist": "ispmx.pofon.foobar.hu",
    "pofon.foobar.hu URI Blacklist": "uribl.pofon.foobar.hu",
    "Polspam BL": "bl.rbl.polspam.pl",
    "Polspam BL-H1": "bl-h1.rbl.polspam.pl",
    "Polspam BL-H2": "bl-h2.rbl.polspam.pl",
    "Polspam BL-H3": "bl-h3.rbl.polspam.pl",
    "Polspam BL-H4": "bl-h4.rbl.polspam.pl",
    "Polspam BL6": "bl6.rbl.polspam.pl",
    "Polspam CNKR": "cnkr.rbl.polspam.pl",
    "Polspam Dyn": "dyn.rbl.polspam.pl",
    "Polspam IPv4 Whitelist": "ip4.white.polspam.pl",
    "Polspam IPv6 Whitelist": "ip6.white.polspam.pl",
    "Polspam LBLIP4": "lblip4.rbl.polspam.pl",
    "Polspam LBLIP6": "lblip6.rbl.polspam.pl",
    "Polspam RBLIP4": "rblip4.rbl.polspam.pl",
    "Polspam RBLIP6": "rblip6.rbl.polspam.pl",
    "Polspam RHSBL": "rhsbl.rbl.polspam.pl",
    "Polspam RHSBL-H": "rhsbl-h.rbl.polspam.pl",
    "Proofpoint Dynamic Reputation": "safe.dnsbl.prs.proofpoint.com",
    "PSBL (Passive Spam Block List)": "psbl.surriel.com",
    "PSBL whitelist": "whitelist.surriel.com",
    "rbl.rbldns.ru": "rbl.rbldns.ru",
    "rbl.schulte.org": "rbl.schulte.org",
    "rbl.zenon.net": "rbl.zenon.net",
    "realtimeBLACKLIST.COM": "rbl.realtimeblacklist.com",
    "Redhawk.org": "access.redhawk.org",
    "RedIRIS ListaBlanca ESWL": "eswlrev.dnsbl.rediris.es",
    "RedIRIS ListaBlanca MTAWL": "mtawlrev.dnsbl.rediris.es",
    "rjek.com mailsl DNSBL": "mailsl.dnsbl.rjek.com",
    "rjek.com urlsl DNSBL": "urlsl.dnsbl.rjek.com",
    "Route Views Project asn": "asn.routeviews.org",
    "Route Views Project aspath": "aspath.routeviews.org",
    "Rspamd URIBL": "uribl.rspamd.com",
    "Rymsho's DNSBL": "dnsbl.rymsho.ru",
    "Rymsho's RHSBL": "rhsbl.rymsho.ru",
    "s5h.net RBL": "all.s5h.net",
    "SARBL": "public.sarbl.org",
    "scientificspam.net Domain list": "rhsbl.scientificspam.net",
    "scientificspam.net IP list": "bl.scientificspam.net",
    "Scrollout F1 Reputation Domain": "reputation-domain.rbl.scrolloutf1.com",
    "Scrollout F1 Reputation IP": "reputation-ip.rbl.scrolloutf1.com",
    "Scrollout F1 Reputation NS": "reputation-ns.rbl.scrolloutf1.com",
    "SenderBase\u00ae": "query.senderbase.org",
    "SenderBase\u00ae (for SpamAssassin)": "sa.senderbase.org",
    "SenderBase\u00ae (Reputation List)": "rf.senderbase.org",
    "SenderScore Blacklist": "bl.score.senderscore.com",
    "SenderScore Reputationlist": "score.senderscore.com",
    "SINGULARis Spam/scam blocklist": "singular.ttk.pte.hu",
    "Solid Clues Blacklist": "blackholes.scconsult.com",
    "SORBS Aggregate zone": "dnsbl.sorbs.net",
    "SORBS Aggregate zone (problems)": "problems.dnsbl.sorbs.net",
    "SORBS Aggregate zone (proxies)": "proxies.dnsbl.sorbs.net",
    "SORBS Aggregate zone (relays)": "relays.dnsbl.sorbs.net",
    "SORBS Aggregate zone (safe)": "safe.dnsbl.sorbs.net",
    "SORBS Domain names indicating no email sender": "nomail.rhsbl.sorbs.net",
    "SORBS Domain names pointing to bad addresses": "badconf.rhsbl.sorbs.net",
    "SORBS Dynamic IP Addresses": "dul.dnsbl.sorbs.net",
    "SORBS hijacked networks": "zombie.dnsbl.sorbs.net",
    "SORBS Hosts demanding never be tested by SORBS": "block.dnsbl.sorbs.net",
    "SORBS netblocks of spam supporting service providers": "escalations.dnsbl.sorbs.net",
    "SORBS Open HTTP Proxies": "http.dnsbl.sorbs.net",
    "SORBS Open other Proxies": "misc.dnsbl.sorbs.net",
    "SORBS Open SMTP relays": "smtp.dnsbl.sorbs.net",
    "SORBS Open SOCKS Proxies": "socks.dnsbl.sorbs.net",
    "SORBS RHS Aggregate zone": "rhsbl.sorbs.net",
    "SORBS Spamhost (any time)": "spam.dnsbl.sorbs.net",
    "SORBS Spamhost (last 28 days)": "recent.spam.dnsbl.sorbs.net",
    "SORBS Spamhost (last 48 hours)": "new.spam.dnsbl.sorbs.net",
    "SORBS Spamhost (last year)": "old.spam.dnsbl.sorbs.net",
    "SORBS Vulnerable formmailers": "web.dnsbl.sorbs.net",
    "South Korean Network Blocking List": "korea.services.net",
    "Spam Eating Monkey GeoBL (deny all)": "geobl.spameatingmonkey.net",
    "Spam Eating Monkey SEM-ASN-ORIGIN": "origin.asn.spameatingmonkey.net",
    "Spam Eating Monkey SEM-BACKSCATTER": "backscatter.spameatingmonkey.net",
    "Spam Eating Monkey SEM-BLACK": "bl.spameatingmonkey.net",
    "Spam Eating Monkey SEM-FRESH": "fresh.spameatingmonkey.net",
    "Spam Eating Monkey SEM-FRESH10": "fresh10.spameatingmonkey.net",
    "Spam Eating Monkey SEM-FRESH15": "fresh15.spameatingmonkey.net",
    "Spam Eating Monkey SEM-FRESH30": "fresh30.spameatingmonkey.net",
    "Spam Eating Monkey SEM-FRESHZERO": "freshzero.spameatingmonkey.net",
    "Spam Eating Monkey SEM-IPV6BL": "bl.ipv6.spameatingmonkey.net",
    "Spam Eating Monkey SEM-NETBLACK": "netbl.spameatingmonkey.net",
    "Spam Eating Monkey SEM-URI": "uribl.spameatingmonkey.net",
    "Spam Eating Monkey SEM-URIRED": "urired.spameatingmonkey.net",
    "Spam Grouper Net block list": "netblockbl.spamgrouper.to",
    "Spam-RBL.fr": "all.spam-rbl.fr",
    "SpamCop Blocking List": "bl.spamcop.net",
    "Spamdown RBL": "sbl.spamdown.org",
    "Spamhaus DBL Domain Block List": "dbl.spamhaus.org",
    "Spamhaus DWL Domain Whitelist": "_vouch.dwl.spamhaus.org",
    "Spamhaus PBL Policy Block List": "pbl.spamhaus.org",
    "Spamhaus SBL Spamhaus Block List": "sbl.spamhaus.org",
    "Spamhaus SBL-XBL Combined Block List": "sbl-xbl.spamhaus.org",
    "Spamhaus SWL IP Whitelist": "swl.spamhaus.org",
    "Spamhaus XBL Exploits Block List": "xbl.spamhaus.org",
    "Spamhaus ZEN Combined Block List": "zen.spamhaus.org",
    "SpamRATS! Auth": "auth.spamrats.com",
    "SpamRATS! Dyna": "dyna.spamrats.com",
    "SpamRATS! NoPtr": "noptr.spamrats.com",
    "SpamRATS! Spam": "spam.spamrats.com",
    "spamsources.fabel.dk": "spamsources.fabel.dk",
    "SPFBL.net abuse list": "abuse.spfbl.net",
    "SPFBL.net RBL": "dnsbl.spfbl.net",
    "SPFBL.net Score Service": "score.spfbl.net",
    "SPFBL.net Whitelist": "dnswl.spfbl.net",
    "Shodan.io": "www.shodan.io/host/",
    "Suomispam Blacklist": "bl.suomispam.net",
    "Suomispam Domain Blacklist": "dbl.suomispam.net",
    "Suomispam Graylist": "gl.suomispam.net",
    "SURBL multi (Combined SURBL list)": "multi.surbl.org",
    "Suresupport.com RBL": "rbl.suresupport.com",
    "Swinog DNSRBL": "dnsrbl.swinog.ch",
    "Swinog URIBL": "uribl.swinog.ch",
    "TechnoVision SpamTrap": "st.technovision.dk",
    "The Day Old Bread List (aka DOB)": "dob.sibl.support-intelligence.net",
    "Thalos Intelligence by Cisco": "https://talosintelligence.com/reputation_center/lookup?search=",
    "THREATINT DNSBL": "dnsbl.threatint.zone",
    "Tiopan Consulting IP Blacklist": "bl.tiopan.com",
    "TornevallNET DNSBL": "dnsbl.tornevall.org",
    "Trend Micro DUL": "r.mail-abuse.com",
    "Trend Micro QIL": "q.mail-abuse.com",
    "TRIUMF.ca DNSBL": "rbl2.triumf.ca",
    "TRIUMF.ca DNSWL": "wbl.triumf.ca",
    "truncate.gbudb.net": "truncate.gbudb.net",
    "tuxad dunk.dnsbl": "dunk.dnsbl.tuxad.de",
    "tuxad hartkore.dnsbl": "hartkore.dnsbl.tuxad.de",
    "UCEPROTECT Level 0": "dnsbl-0.uceprotect.net",
    "UCEPROTECT Level 1": "dnsbl-1.uceprotect.net",
    "UCEPROTECT Level 2": "dnsbl-2.uceprotect.net",
    "UCEPROTECT Level 3": "dnsbl-3.uceprotect.net",
    "Unsubscribe Blacklist UBL": "ubl.unsubscore.com",
    "URIBL black": "black.uribl.com",
    "URIBL grey": "grey.uribl.com",
    "URIBL multi": "multi.uribl.com",
    "URIBL red": "red.uribl.com",
    "URIBL white": "white.uribl.com",
    "V4BL-FREE/DDNSBL-FREE": "free.v4bl.org",
    "V4BL/DDNSBL": "ip.v4bl.org",
    "Virusfree BAD": "bad.virusfree.cz",
    "Virusfree BIP": "bip.virusfree.cz",
    "Whitelisted.org": "ips.whitelisted.org",
    "Woody's SMTP Blacklist IPv4": "blacklist.woody.ch",
    "Woody's SMTP Blacklist IPv6": "ipv6.blacklist.woody.ch",
    "Woody's SMTP Blacklist URIBL": "uri.blacklist.woody.ch",
    "WPBL - Weighted Private Block List": "db.wpbl.info",
    "www.blocklist.de": "bl.blocklist.de",
    "ZapBL DNSRBL": "dnsbl.zapbl.net",
    "ZapBL RHSBL": "rhsbl.zapbl.net",
    "ZenRBL Domain Blocklist": "d.bl.zenrbl.pl",
    "ZenRBL IP Blocklist": "ip4.bl.zenrbl.pl"
}